cos_sim,source,lambda,exp_id,walk_length,time_similarities,time_results,cond_number,patients_per_cond,time_symptom_embeddings,time_patient_embeddings,jaccard_best_avg,jc_best_avg,lin_best_avg,resnik_best_avg
,orpha,3,0,35,121.73010873794556,0.2910332679748535,100,3,51.017657995224,2.8689968585968018,0.9831809736157562,0.9885326321558207,0.9736337360975043,0.9783478786377336
0.9687265069873765,orpha,3,0,35,121.73010873794556,0.2910332679748535,100,3,51.017657995224,2.8689968585968018,0.9831809736157562,0.9885326321558207,0.9736337360975043,0.9783478786377336
0.9702114793419141,orpha,3,0,35,121.73010873794556,0.2910332679748535,100,3,51.017657995224,2.8689968585968018,0.9831809736157562,0.9885326321558207,0.9736337360975043,0.9783478786377336
0.9684925809563492,orpha,3,0,35,121.73010873794556,0.2910332679748535,100,3,51.017657995224,2.8689968585968018,0.9831809736157562,0.9885326321558207,0.9736337360975043,0.9783478786377336
0.9695106396555673,orpha,3,0,35,121.73010873794556,0.2910332679748535,100,3,51.017657995224,2.8689968585968018,0.9831809736157562,0.9885326321558207,0.9736337360975043,0.9783478786377336
0.9680211629486992,orpha,3,0,35,121.73010873794556,0.2910332679748535,100,3,51.017657995224,2.8689968585968018,0.9831809736157562,0.9885326321558207,0.9736337360975043,0.9783478786377336
0.9687992898137825,orpha,3,0,35,121.73010873794556,0.2910332679748535,100,3,51.017657995224,2.8689968585968018,0.9831809736157562,0.9885326321558207,0.9736337360975043,0.9783478786377336
