cos_sim,jaccard_best_avg,jc_best_avg,lin_best_avg,resnik_best_avg,source,exp_id,walk_length,time_similarities,time_results,cond_number,patients_per_cond,time_symptom_embeddings,time_patient_embeddings
0.7704084321475626,0.9796072580130553,0.9804141001242451,0.9759212338922483,0.9771194666846841,orpha,0,5,179.3380947113037,0.39204931259155273,100,3,11.860966205596924,3.1315300464630127
0.9617909304865827,0.9796067700415526,0.9804141001242451,0.9759212338922483,0.977219838669114,orpha,1,10,189.0199658870697,0.40999937057495117,100,3,23.74695324897766,3.6450014114379883
0.9638148485974573,0.9796069952591692,0.9804141001242451,0.9759212338922483,0.9772549350810221,orpha,2,15,204.96048283576965,0.37900757789611816,100,3,37.413005113601685,4.893995761871338
0.963286225315211,0.9796071829405162,0.980414100124245,0.9759212338922483,0.9771387603271661,orpha,3,20,163.25799655914307,0.3250405788421631,100,3,34.02037811279297,3.465998649597168
0.9662860864310139,0.9796074081581327,0.9804141001242451,0.9759212338922483,0.977322537902248,orpha,4,25,177.7669975757599,0.31703972816467285,100,3,39.27555727958679,3.1550002098083496
