cos_sim,jaccard_best_avg,jc_best_avg,lin_best_avg,resnik_best_avg,source,lambda,exp_id,walk_length,time_similarities,time_results,cond_number,patients_per_cond,time_symptom_embeddings,time_patient_embeddings
,0.9774457694747549,0.9815857947742005,0.9742142345040896,0.9756412883949115,orpha,2,0,35,198.48912692070007,0.45703840255737305,100,3,55.990999937057495,3.0869951248168945
0.970274427665732,0.9774457694747549,0.9815857947742005,0.9742142345040896,0.9756412883949115,orpha,2,1,40,17.97999620437622,0.1029973030090332,100,3,78.40096735954285,5.219001054763794
0.9712782976551093,0.9774457694747549,0.9815857947742005,0.9742142345040896,0.9756412883949115,orpha,2,2,45,17.00900435447693,0.07899761199951172,100,3,83.88100218772888,4.624997854232788
0.9695198735778445,0.9774457694747549,0.9815857947742005,0.9742142345040896,0.9756412883949115,orpha,2,3,50,15.137036561965942,0.07996034622192383,100,3,72.16595220565796,3.0730013847351074
0.9721086374709563,0.9774457694747549,0.9815857947742005,0.9742142345040896,0.9756412883949115,orpha,2,4,55,13.925997495651245,0.08100032806396484,100,3,81.69264650344849,3.4250028133392334
0.9702092647020184,0.9774457694747549,0.9815857947742005,0.9742142345040896,0.9756412883949115,orpha,2,5,60,15.25399923324585,0.0940403938293457,100,3,92.99778389930725,3.4449946880340576
0.968195368775079,0.9774457694747549,0.9815857947742005,0.9742142345040896,0.9756412883949115,orpha,2,6,65,22.415995359420776,0.12299799919128418,100,3,128.79196166992188,5.143003225326538
