cos_sim,jaccard_best_avg,jc_best_avg,lin_best_avg,resnik_best_avg,source,lambda,exp_id,walk_length,time_similarities,time_results,cond_number,patients_per_cond,time_symptom_embeddings,time_patient_embeddings
0.9739108663746345,0.9806280193236715,0.9872505808737693,0.975765458374154,0.9794864662980606,orpha,3,0,35,198.9449965953827,0.3600022792816162,100,3,61.65800094604492,4.284002304077148
0.9733950804965299,0.9806280193236715,0.9872505808737693,0.975765458374154,0.9794864662980606,orpha,3,1,40,13.979018926620483,0.08502674102783203,100,3,69.45105075836182,4.026981353759766
0.9733800284524923,0.9806280193236715,0.9872505808737693,0.975765458374154,0.9794864662980606,orpha,3,2,45,14.174991130828857,0.07899689674377441,100,3,70.38934779167175,3.1530027389526367
0.9759740849595923,0.9806280193236715,0.9872505808737693,0.975765458374154,0.9794864662980606,orpha,3,3,50,15.675034523010254,0.0809624195098877,100,3,73.7842628955841,3.439992666244507
0.9743724874159656,0.9806280193236715,0.9872505808737693,0.975765458374154,0.9794864662980606,orpha,3,4,55,17.808997631072998,0.0870366096496582,100,3,96.44270443916321,3.4970014095306396
0.9744153538356438,0.9806280193236715,0.9872505808737693,0.975765458374154,0.9794864662980606,orpha,3,5,60,33.24200391769409,0.26999926567077637,100,3,108.33121085166931,5.691002130508423
0.9739050857891437,0.9806280193236715,0.9872505808737693,0.975765458374154,0.9794864662980606,orpha,3,6,65,20.7250018119812,0.10498952865600586,100,3,147.2572467327118,4.502014636993408
