cos_sim,jaccard_best_avg,jc_best_avg,lin_best_avg,resnik_best_avg,source,lambda,exp_id,walk_length,time_similarities,time_results,cond_number,patients_per_cond,time_symptom_embeddings,time_patient_embeddings
,0.9800335574248618,0.9816880060358322,0.9735076517685213,0.9752049667991697,orpha,2,0,35,168.73897647857666,0.29000258445739746,100,3,55.40941667556763,3.285996437072754
0.9657787837497982,0.9800335574248618,0.9816880060358322,0.9735076517685213,0.9752049667991697,orpha,2,1,40,13.754003047943115,0.07704353332519531,100,3,58.766008138656616,3.438997983932495
0.9680064487310864,0.9800335574248618,0.9816880060358322,0.9735076517685213,0.9752049667991697,orpha,2,2,45,14.297998428344727,0.07899761199951172,100,3,67.7979965209961,3.446958541870117
0.9637103100871218,0.9800335574248618,0.9816880060358322,0.9735076517685213,0.9752049667991697,orpha,2,3,50,18.693037748336792,0.12999916076660156,100,3,77.42202591896057,3.7419991493225098
0.9656703790037122,0.9800335574248618,0.9816880060358322,0.9735076517685213,0.9752049667991697,orpha,2,4,55,13.95699691772461,0.0890042781829834,100,3,100.67053461074829,4.548002004623413
0.9658098637808783,0.9800335574248618,0.9816880060358322,0.9735076517685213,0.9752049667991697,orpha,2,5,60,14.635996341705322,0.08703804016113281,100,3,92.09651899337769,3.6760001182556152
0.9647432331490302,0.9800335574248618,0.9816880060358322,0.9735076517685213,0.9752049667991697,orpha,2,6,65,19.81300377845764,0.08504009246826172,100,3,105.64587187767029,6.008997678756714
